Model,Spacing,Accuracy,Set Size
Baseline,0.05000000074505806,0.5315999984741211,1
Multi-Head Attention,0.05000000074505806,0.5906000137329102,8
TopK,0.05000000074505806,0.5773000121116638,8
Mean,0.05000000074505806,0.5874000191688538,8
Multi-Head Attention,0.05000000074505806,0.67330002784729,32
TopK,0.05000000074505806,0.6751000285148621,32
Mean,0.05000000074505806,0.6644999980926514,32
Multi-Head Attention,0.05000000074505806,0.8180000185966492,128
TopK,0.05000000074505806,0.75,128
Mean,0.05000000074505806,0.8048999905586243,128
Baseline,0.10000000149011612,0.5491999983787537,1
Multi-Head Attention,0.10000000149011612,0.6272000074386597,8
TopK,0.10000000149011612,0.6177999973297119,8
Mean,0.10000000149011612,0.6302000284194946,8
Multi-Head Attention,0.10000000149011612,0.7411999702453613,32
TopK,0.10000000149011612,0.7358999848365784,32
Mean,0.10000000149011612,0.7440999746322632,32
Multi-Head Attention,0.10000000149011612,0.8971999883651733,128
TopK,0.10000000149011612,0.8282999992370605,128
Mean,0.10000000149011612,0.9099000096321106,128
Baseline,0.15000000596046448,0.5884000062942505,1
Multi-Head Attention,0.15000000596046448,0.7195000052452087,8
TopK,0.15000000596046448,0.7267000079154968,8
Mean,0.15000000596046448,0.7225000262260437,8
Multi-Head Attention,0.15000000596046448,0.8871999979019165,32
TopK,0.15000000596046448,0.842199981212616,32
Mean,0.15000000596046448,0.8891000151634216,32
Multi-Head Attention,0.15000000596046448,0.9926999807357788,128
TopK,0.15000000596046448,0.9545000195503235,128
Mean,0.15000000596046448,0.9911999702453613,128
Baseline,0.20000000298023224,0.6017000079154968,1
Multi-Head Attention,0.20000000298023224,0.7634999752044678,8
TopK,0.20000000298023224,0.7526000142097473,8
Mean,0.20000000298023224,0.7592999935150146,8
Multi-Head Attention,0.20000000298023224,0.9289000034332275,32
TopK,0.20000000298023224,0.9153000116348267,32
Mean,0.20000000298023224,0.9246000051498413,32
Multi-Head Attention,0.20000000298023224,0.9976000189781189,128
TopK,0.20000000298023224,0.9781000018119812,128
Mean,0.20000000298023224,0.9980999827384949,128
Baseline,0.25,0.6258000135421753,1
Multi-Head Attention,0.25,0.8151999711990356,8
TopK,0.25,0.8008000254631042,8
Mean,0.25,0.8083999752998352,8
Multi-Head Attention,0.25,0.961899995803833,32
TopK,0.25,0.9520000219345093,32
Mean,0.25,0.9599000215530396,32
Multi-Head Attention,0.25,0.9998000264167786,128
TopK,0.25,0.993399977684021,128
Mean,0.25,0.9995999932289124,128
Baseline,0.30000001192092896,0.6474000215530396,1
Multi-Head Attention,0.30000001192092896,0.8615999817848206,8
TopK,0.30000001192092896,0.8582000136375427,8
Mean,0.30000001192092896,0.8589000105857849,8
Multi-Head Attention,0.30000001192092896,0.9797999858856201,32
TopK,0.30000001192092896,0.9696000218391418,32
Mean,0.30000001192092896,0.9860000014305115,32
Multi-Head Attention,0.30000001192092896,0.9998999834060669,128
TopK,0.30000001192092896,0.9945999979972839,128
Mean,0.30000001192092896,1.0,128
Baseline,0.3499999940395355,0.6632000207901001,1
Multi-Head Attention,0.3499999940395355,0.8852999806404114,8
TopK,0.3499999940395355,0.8816999793052673,8
Mean,0.3499999940395355,0.8865000009536743,8
Multi-Head Attention,0.3499999940395355,0.9925000071525574,32
TopK,0.3499999940395355,0.9857000112533569,32
Mean,0.3499999940395355,0.993399977684021,32
Multi-Head Attention,0.3499999940395355,1.0,128
TopK,0.3499999940395355,0.9979000091552734,128
Mean,0.3499999940395355,1.0,128
Baseline,0.4000000059604645,0.6866999864578247,1
Multi-Head Attention,0.4000000059604645,0.919700026512146,8
TopK,0.4000000059604645,0.917900025844574,8
Mean,0.4000000059604645,0.9214000105857849,8
Multi-Head Attention,0.4000000059604645,0.9976000189781189,32
TopK,0.4000000059604645,0.9945999979972839,32
Mean,0.4000000059604645,0.9975000023841858,32
Multi-Head Attention,0.4000000059604645,1.0,128
TopK,0.4000000059604645,0.9983000159263611,128
Mean,0.4000000059604645,1.0,128
Baseline,0.45000001788139343,0.718500018119812,1
Multi-Head Attention,0.45000001788139343,0.9509999752044678,8
TopK,0.45000001788139343,0.9463000297546387,8
Mean,0.45000001788139343,0.9484000205993652,8
Multi-Head Attention,0.45000001788139343,0.9993000030517578,32
TopK,0.45000001788139343,0.9958000183105469,32
Mean,0.45000001788139343,0.9994000196456909,32
Multi-Head Attention,0.45000001788139343,1.0,128
TopK,0.45000001788139343,0.9998999834060669,128
Mean,0.45000001788139343,1.0,128
Baseline,0.5,0.7378000020980835,1
Multi-Head Attention,0.5,0.9638000130653381,8
TopK,0.5,0.9617999792098999,8
Mean,0.5,0.9635999798774719,8
Multi-Head Attention,0.5,0.9997000098228455,32
TopK,0.5,0.9987000226974487,32
Mean,0.5,0.9983999729156494,32
Multi-Head Attention,0.5,1.0,128
TopK,0.5,0.9995999932289124,128
Mean,0.5,1.0,128
Baseline,0.550000011920929,0.7516000270843506,1
Multi-Head Attention,0.550000011920929,0.9715999960899353,8
TopK,0.550000011920929,0.9745000004768372,8
Mean,0.550000011920929,0.9735000133514404,8
Multi-Head Attention,0.550000011920929,1.0,32
TopK,0.550000011920929,0.9994000196456909,32
Mean,0.550000011920929,0.9998000264167786,32
Multi-Head Attention,0.550000011920929,1.0,128
TopK,0.550000011920929,1.0,128
Mean,0.550000011920929,1.0,128
Baseline,0.6000000238418579,0.7791000008583069,1
Multi-Head Attention,0.6000000238418579,0.9850999712944031,8
TopK,0.6000000238418579,0.9832000136375427,8
Mean,0.6000000238418579,0.9837999939918518,8
Multi-Head Attention,0.6000000238418579,1.0,32
TopK,0.6000000238418579,0.9993000030517578,32
Mean,0.6000000238418579,0.9994999766349792,32
Multi-Head Attention,0.6000000238418579,1.0,128
TopK,0.6000000238418579,1.0,128
Mean,0.6000000238418579,1.0,128
Baseline,0.6500000357627869,0.7953000068664551,1
Multi-Head Attention,0.6500000357627869,0.9879000186920166,8
TopK,0.6500000357627869,0.9894000291824341,8
Mean,0.6500000357627869,0.9897000193595886,8
Multi-Head Attention,0.6500000357627869,1.0,32
TopK,0.6500000357627869,0.9997000098228455,32
Mean,0.6500000357627869,0.9987999796867371,32
Multi-Head Attention,0.6500000357627869,1.0,128
TopK,0.6500000357627869,1.0,128
Mean,0.6500000357627869,1.0,128
Baseline,0.699999988079071,0.8079000115394592,1
Multi-Head Attention,0.699999988079071,0.9925000071525574,8
TopK,0.699999988079071,0.9929999709129333,8
Mean,0.699999988079071,0.993399977684021,8
Multi-Head Attention,0.699999988079071,1.0,32
TopK,0.699999988079071,0.9998999834060669,32
Mean,0.699999988079071,1.0,32
Multi-Head Attention,0.699999988079071,1.0,128
TopK,0.699999988079071,1.0,128
Mean,0.699999988079071,1.0,128
Baseline,0.75,0.8274999856948853,1
Multi-Head Attention,0.75,0.9944000244140625,8
TopK,0.75,0.9955000281333923,8
Mean,0.75,0.9968000054359436,8
Multi-Head Attention,0.75,1.0,32
TopK,0.75,1.0,32
Mean,0.75,1.0,32
Multi-Head Attention,0.75,1.0,128
TopK,0.75,1.0,128
Mean,0.75,1.0,128
Baseline,0.800000011920929,0.838699996471405,1
Multi-Head Attention,0.800000011920929,0.9968000054359436,8
TopK,0.800000011920929,0.998199999332428,8
Mean,0.800000011920929,0.9976999759674072,8
Multi-Head Attention,0.800000011920929,1.0,32
TopK,0.800000011920929,1.0,32
Mean,0.800000011920929,1.0,32
Multi-Head Attention,0.800000011920929,1.0,128
TopK,0.800000011920929,1.0,128
Mean,0.800000011920929,1.0,128
Baseline,0.8499999642372131,0.8511999845504761,1
Multi-Head Attention,0.8499999642372131,0.9986000061035156,8
TopK,0.8499999642372131,0.9983000159263611,8
Mean,0.8499999642372131,0.998199999332428,8
Multi-Head Attention,0.8499999642372131,1.0,32
TopK,0.8499999642372131,1.0,32
Mean,0.8499999642372131,1.0,32
Multi-Head Attention,0.8499999642372131,1.0,128
TopK,0.8499999642372131,1.0,128
Mean,0.8499999642372131,1.0,128
Baseline,0.8999999761581421,0.8704000115394592,1
Multi-Head Attention,0.8999999761581421,0.9993000030517578,8
TopK,0.8999999761581421,0.9991999864578247,8
Mean,0.8999999761581421,0.9994000196456909,8
Multi-Head Attention,0.8999999761581421,1.0,32
TopK,0.8999999761581421,1.0,32
Mean,0.8999999761581421,1.0,32
Multi-Head Attention,0.8999999761581421,1.0,128
TopK,0.8999999761581421,1.0,128
Mean,0.8999999761581421,1.0,128
Baseline,0.949999988079071,0.885200023651123,1
Multi-Head Attention,0.949999988079071,0.9987000226974487,8
TopK,0.949999988079071,0.9998999834060669,8
Mean,0.949999988079071,0.9998000264167786,8
Multi-Head Attention,0.949999988079071,1.0,32
TopK,0.949999988079071,1.0,32
Mean,0.949999988079071,1.0,32
Multi-Head Attention,0.949999988079071,1.0,128
TopK,0.949999988079071,1.0,128
Mean,0.949999988079071,1.0,128
Baseline,1.0,0.8952000141143799,1
Multi-Head Attention,1.0,0.9994999766349792,8
TopK,1.0,1.0,8
Mean,1.0,0.9994999766349792,8
Multi-Head Attention,1.0,1.0,32
TopK,1.0,1.0,32
Mean,1.0,1.0,32
Multi-Head Attention,1.0,1.0,128
TopK,1.0,1.0,128
Mean,1.0,1.0,128
Baseline,1.0499999523162842,0.9092000126838684,1
Multi-Head Attention,1.0499999523162842,0.9998000264167786,8
TopK,1.0499999523162842,0.9998000264167786,8
Mean,1.0499999523162842,0.9998999834060669,8
Multi-Head Attention,1.0499999523162842,1.0,32
TopK,1.0499999523162842,1.0,32
Mean,1.0499999523162842,1.0,32
Multi-Head Attention,1.0499999523162842,1.0,128
TopK,1.0499999523162842,1.0,128
Mean,1.0499999523162842,1.0,128
Baseline,1.100000023841858,0.9186999797821045,1
Multi-Head Attention,1.100000023841858,1.0,8
TopK,1.100000023841858,0.9998999834060669,8
Mean,1.100000023841858,1.0,8
Multi-Head Attention,1.100000023841858,1.0,32
TopK,1.100000023841858,1.0,32
Mean,1.100000023841858,1.0,32
Multi-Head Attention,1.100000023841858,1.0,128
TopK,1.100000023841858,1.0,128
Mean,1.100000023841858,1.0,128
Baseline,1.149999976158142,0.9301999807357788,1
Multi-Head Attention,1.149999976158142,1.0,8
TopK,1.149999976158142,1.0,8
Mean,1.149999976158142,1.0,8
Multi-Head Attention,1.149999976158142,1.0,32
TopK,1.149999976158142,1.0,32
Mean,1.149999976158142,1.0,32
Multi-Head Attention,1.149999976158142,1.0,128
TopK,1.149999976158142,1.0,128
Mean,1.149999976158142,1.0,128
Baseline,1.2000000476837158,0.9386000037193298,1
Multi-Head Attention,1.2000000476837158,1.0,8
TopK,1.2000000476837158,1.0,8
Mean,1.2000000476837158,0.9998999834060669,8
Multi-Head Attention,1.2000000476837158,1.0,32
TopK,1.2000000476837158,1.0,32
Mean,1.2000000476837158,1.0,32
Multi-Head Attention,1.2000000476837158,1.0,128
TopK,1.2000000476837158,1.0,128
Mean,1.2000000476837158,1.0,128
Baseline,1.25,0.9437000155448914,1
Multi-Head Attention,1.25,1.0,8
TopK,1.25,0.9998999834060669,8
Mean,1.25,1.0,8
Multi-Head Attention,1.25,1.0,32
TopK,1.25,1.0,32
Mean,1.25,1.0,32
Multi-Head Attention,1.25,1.0,128
TopK,1.25,1.0,128
Mean,1.25,1.0,128
Baseline,1.2999999523162842,0.9495999813079834,1
Multi-Head Attention,1.2999999523162842,1.0,8
TopK,1.2999999523162842,1.0,8
Mean,1.2999999523162842,1.0,8
Multi-Head Attention,1.2999999523162842,1.0,32
TopK,1.2999999523162842,1.0,32
Mean,1.2999999523162842,1.0,32
Multi-Head Attention,1.2999999523162842,1.0,128
TopK,1.2999999523162842,1.0,128
Mean,1.2999999523162842,1.0,128
Baseline,1.350000023841858,0.9538000226020813,1
Multi-Head Attention,1.350000023841858,1.0,8
TopK,1.350000023841858,1.0,8
Mean,1.350000023841858,1.0,8
Multi-Head Attention,1.350000023841858,1.0,32
TopK,1.350000023841858,1.0,32
Mean,1.350000023841858,1.0,32
Multi-Head Attention,1.350000023841858,1.0,128
TopK,1.350000023841858,1.0,128
Mean,1.350000023841858,1.0,128
Baseline,1.399999976158142,0.9617000222206116,1
Multi-Head Attention,1.399999976158142,1.0,8
TopK,1.399999976158142,1.0,8
Mean,1.399999976158142,1.0,8
Multi-Head Attention,1.399999976158142,1.0,32
TopK,1.399999976158142,1.0,32
Mean,1.399999976158142,1.0,32
Multi-Head Attention,1.399999976158142,1.0,128
TopK,1.399999976158142,1.0,128
Mean,1.399999976158142,1.0,128
Baseline,1.4500000476837158,0.9666000008583069,1
Multi-Head Attention,1.4500000476837158,1.0,8
TopK,1.4500000476837158,1.0,8
Mean,1.4500000476837158,1.0,8
Multi-Head Attention,1.4500000476837158,1.0,32
TopK,1.4500000476837158,1.0,32
Mean,1.4500000476837158,1.0,32
Multi-Head Attention,1.4500000476837158,1.0,128
TopK,1.4500000476837158,1.0,128
Mean,1.4500000476837158,1.0,128
Baseline,1.5,0.9714999794960022,1
Multi-Head Attention,1.5,1.0,8
TopK,1.5,1.0,8
Mean,1.5,1.0,8
Multi-Head Attention,1.5,1.0,32
TopK,1.5,1.0,32
Mean,1.5,1.0,32
Multi-Head Attention,1.5,1.0,128
TopK,1.5,1.0,128
Mean,1.5,1.0,128
Baseline,0.05000000074505806,0.5281999707221985,1
Multi-Head Attention,0.05000000074505806,0.5792999863624573,8
TopK,0.05000000074505806,0.5903000235557556,8
Mean,0.05000000074505806,0.5769000053405762,8
Multi-Head Attention,0.05000000074505806,0.6628000140190125,32
TopK,0.05000000074505806,0.6654000282287598,32
Mean,0.05000000074505806,0.6687999963760376,32
Multi-Head Attention,0.05000000074505806,0.7921000123023987,128
TopK,0.05000000074505806,0.7840999960899353,128
Mean,0.05000000074505806,0.7918000221252441,128
Baseline,0.10000000149011612,0.5471000075340271,1
Multi-Head Attention,0.10000000149011612,0.6430000066757202,8
TopK,0.10000000149011612,0.6366000175476074,8
Mean,0.10000000149011612,0.6301000118255615,8
Multi-Head Attention,0.10000000149011612,0.754800021648407,32
TopK,0.10000000149011612,0.7663000226020813,32
Mean,0.10000000149011612,0.7502999901771545,32
Multi-Head Attention,0.10000000149011612,0.9178000092506409,128
TopK,0.10000000149011612,0.886900007724762,128
Mean,0.10000000149011612,0.9142000079154968,128
Baseline,0.15000000596046448,0.5652999877929688,1
Multi-Head Attention,0.15000000596046448,0.6888999938964844,8
TopK,0.15000000596046448,0.6881999969482422,8
Mean,0.15000000596046448,0.6894999742507935,8
Multi-Head Attention,0.15000000596046448,0.8321999907493591,32
TopK,0.15000000596046448,0.8129000067710876,32
Mean,0.15000000596046448,0.8374000191688538,32
Multi-Head Attention,0.15000000596046448,0.9775000214576721,128
TopK,0.15000000596046448,0.9161999821662903,128
Mean,0.15000000596046448,0.975600004196167,128
Baseline,0.20000000298023224,0.5964000225067139,1
Multi-Head Attention,0.20000000298023224,0.7703999876976013,8
TopK,0.20000000298023224,0.7603999972343445,8
Mean,0.20000000298023224,0.76419997215271,8
Multi-Head Attention,0.20000000298023224,0.917900025844574,32
TopK,0.20000000298023224,0.9067000150680542,32
Mean,0.20000000298023224,0.9215999841690063,32
Multi-Head Attention,0.20000000298023224,0.9975000023841858,128
TopK,0.20000000298023224,0.9726999998092651,128
Mean,0.20000000298023224,0.9979000091552734,128
Baseline,0.25,0.616599977016449,1
Multi-Head Attention,0.25,0.7989000082015991,8
TopK,0.25,0.7982000112533569,8
Mean,0.25,0.7976999878883362,8
Multi-Head Attention,0.25,0.9491000175476074,32
TopK,0.25,0.9399999976158142,32
Mean,0.25,0.9520999789237976,32
Multi-Head Attention,0.25,0.9983999729156494,128
TopK,0.25,0.9904000163078308,128
Mean,0.25,0.9991999864578247,128
Baseline,0.30000001192092896,0.6488999724388123,1
Multi-Head Attention,0.30000001192092896,0.8603000044822693,8
TopK,0.30000001192092896,0.8622000217437744,8
Mean,0.30000001192092896,0.864799976348877,8
Multi-Head Attention,0.30000001192092896,0.9861999750137329,32
TopK,0.30000001192092896,0.9779999852180481,32
Mean,0.30000001192092896,0.9854000210762024,32
Multi-Head Attention,0.30000001192092896,0.9994000196456909,128
TopK,0.30000001192092896,0.9980999827384949,128
Mean,0.30000001192092896,1.0,128
Baseline,0.3499999940395355,0.6780999898910522,1
Multi-Head Attention,0.3499999940395355,0.8949000239372253,8
TopK,0.3499999940395355,0.899399995803833,8
Mean,0.3499999940395355,0.9041000008583069,8
Multi-Head Attention,0.3499999940395355,0.9940000176429749,32
TopK,0.3499999940395355,0.9864000082015991,32
Mean,0.3499999940395355,0.9941999912261963,32
Multi-Head Attention,0.3499999940395355,1.0,128
TopK,0.3499999940395355,0.9987000226974487,128
Mean,0.3499999940395355,1.0,128
Baseline,0.4000000059604645,0.6933000087738037,1
Multi-Head Attention,0.4000000059604645,0.9273999929428101,8
TopK,0.4000000059604645,0.9230999946594238,8
Mean,0.4000000059604645,0.9211999773979187,8
Multi-Head Attention,0.4000000059604645,0.9977999925613403,32
TopK,0.4000000059604645,0.9958000183105469,32
Mean,0.4000000059604645,0.9969000220298767,32
Multi-Head Attention,0.4000000059604645,1.0,128
TopK,0.4000000059604645,0.9998000264167786,128
Mean,0.4000000059604645,1.0,128
Baseline,0.45000001788139343,0.71670001745224,1
Multi-Head Attention,0.45000001788139343,0.944599986076355,8
TopK,0.45000001788139343,0.9492999911308289,8
Mean,0.45000001788139343,0.9502000212669373,8
Multi-Head Attention,0.45000001788139343,0.9994999766349792,32
TopK,0.45000001788139343,0.9965000152587891,32
Mean,0.45000001788139343,0.9997000098228455,32
Multi-Head Attention,0.45000001788139343,1.0,128
TopK,0.45000001788139343,0.9973000288009644,128
Mean,0.45000001788139343,1.0,128
Baseline,0.5,0.7376999855041504,1
Multi-Head Attention,0.5,0.9621000289916992,8
TopK,0.5,0.9632999897003174,8
Mean,0.5,0.9649999737739563,8
Multi-Head Attention,0.5,0.9987000226974487,32
TopK,0.5,0.9975000023841858,32
Mean,0.5,0.9998999834060669,32
Multi-Head Attention,0.5,1.0,128
TopK,0.5,1.0,128
Mean,0.5,1.0,128
Baseline,0.550000011920929,0.7534000277519226,1
Multi-Head Attention,0.550000011920929,0.9732999801635742,8
TopK,0.550000011920929,0.973800003528595,8
Mean,0.550000011920929,0.9726999998092651,8
Multi-Head Attention,0.550000011920929,1.0,32
TopK,0.550000011920929,0.9994000196456909,32
Mean,0.550000011920929,0.9991000294685364,32
Multi-Head Attention,0.550000011920929,1.0,128
TopK,0.550000011920929,1.0,128
Mean,0.550000011920929,1.0,128
Baseline,0.6000000238418579,0.7757999897003174,1
Multi-Head Attention,0.6000000238418579,0.9829000234603882,8
TopK,0.6000000238418579,0.9847999811172485,8
Mean,0.6000000238418579,0.9771999716758728,8
Multi-Head Attention,0.6000000238418579,0.9998999834060669,32
TopK,0.6000000238418579,1.0,32
Mean,0.6000000238418579,0.9998999834060669,32
Multi-Head Attention,0.6000000238418579,1.0,128
TopK,0.6000000238418579,0.9998999834060669,128
Mean,0.6000000238418579,1.0,128
Baseline,0.6500000357627869,0.7979000210762024,1
Multi-Head Attention,0.6500000357627869,0.991100013256073,8
TopK,0.6500000357627869,0.9912999868392944,8
Mean,0.6500000357627869,0.9933000206947327,8
Multi-Head Attention,0.6500000357627869,1.0,32
TopK,0.6500000357627869,1.0,32
Mean,0.6500000357627869,1.0,32
Multi-Head Attention,0.6500000357627869,1.0,128
TopK,0.6500000357627869,1.0,128
Mean,0.6500000357627869,1.0,128
Baseline,0.699999988079071,0.8125,1
Multi-Head Attention,0.699999988079071,0.9934999942779541,8
TopK,0.699999988079071,0.9927999973297119,8
Mean,0.699999988079071,0.9944999814033508,8
Multi-Head Attention,0.699999988079071,1.0,32
TopK,0.699999988079071,1.0,32
Mean,0.699999988079071,1.0,32
Multi-Head Attention,0.699999988079071,1.0,128
TopK,0.699999988079071,1.0,128
Mean,0.699999988079071,1.0,128
Baseline,0.75,0.8220000267028809,1
Multi-Head Attention,0.75,0.9944999814033508,8
TopK,0.75,0.9937999844551086,8
Mean,0.75,0.9958999752998352,8
Multi-Head Attention,0.75,1.0,32
TopK,0.75,0.9998999834060669,32
Mean,0.75,1.0,32
Multi-Head Attention,0.75,1.0,128
TopK,0.75,1.0,128
Mean,0.75,1.0,128
Baseline,0.800000011920929,0.8446000218391418,1
Multi-Head Attention,0.800000011920929,0.9975000023841858,8
TopK,0.800000011920929,0.9979000091552734,8
Mean,0.800000011920929,0.9970999956130981,8
Multi-Head Attention,0.800000011920929,1.0,32
TopK,0.800000011920929,0.9994000196456909,32
Mean,0.800000011920929,1.0,32
Multi-Head Attention,0.800000011920929,1.0,128
TopK,0.800000011920929,1.0,128
Mean,0.800000011920929,1.0,128
Baseline,0.8499999642372131,0.8557000160217285,1
Multi-Head Attention,0.8499999642372131,0.9991999864578247,8
TopK,0.8499999642372131,0.9990000128746033,8
Mean,0.8499999642372131,0.9986000061035156,8
Multi-Head Attention,0.8499999642372131,1.0,32
TopK,0.8499999642372131,1.0,32
Mean,0.8499999642372131,1.0,32
Multi-Head Attention,0.8499999642372131,1.0,128
TopK,0.8499999642372131,1.0,128
Mean,0.8499999642372131,1.0,128
Baseline,0.8999999761581421,0.8733000159263611,1
Multi-Head Attention,0.8999999761581421,0.9995999932289124,8
TopK,0.8999999761581421,0.9991000294685364,8
Mean,0.8999999761581421,0.9991999864578247,8
Multi-Head Attention,0.8999999761581421,1.0,32
TopK,0.8999999761581421,1.0,32
Mean,0.8999999761581421,1.0,32
Multi-Head Attention,0.8999999761581421,1.0,128
TopK,0.8999999761581421,1.0,128
Mean,0.8999999761581421,1.0,128
Baseline,0.949999988079071,0.8841999769210815,1
Multi-Head Attention,0.949999988079071,0.9994000196456909,8
TopK,0.949999988079071,0.9991000294685364,8
Mean,0.949999988079071,0.9988999962806702,8
Multi-Head Attention,0.949999988079071,1.0,32
TopK,0.949999988079071,1.0,32
Mean,0.949999988079071,1.0,32
Multi-Head Attention,0.949999988079071,1.0,128
TopK,0.949999988079071,1.0,128
Mean,0.949999988079071,1.0,128
Baseline,1.0,0.9025999903678894,1
Multi-Head Attention,1.0,0.9995999932289124,8
TopK,1.0,1.0,8
Mean,1.0,0.9998000264167786,8
Multi-Head Attention,1.0,1.0,32
TopK,1.0,1.0,32
Mean,1.0,1.0,32
Multi-Head Attention,1.0,1.0,128
TopK,1.0,1.0,128
Mean,1.0,1.0,128
Baseline,1.0499999523162842,0.9057000279426575,1
Multi-Head Attention,1.0499999523162842,0.9998000264167786,8
TopK,1.0499999523162842,1.0,8
Mean,1.0499999523162842,0.9998999834060669,8
Multi-Head Attention,1.0499999523162842,1.0,32
TopK,1.0499999523162842,1.0,32
Mean,1.0499999523162842,1.0,32
Multi-Head Attention,1.0499999523162842,1.0,128
TopK,1.0499999523162842,1.0,128
Mean,1.0499999523162842,1.0,128
Baseline,1.100000023841858,0.9132000207901001,1
Multi-Head Attention,1.100000023841858,1.0,8
TopK,1.100000023841858,0.9994999766349792,8
Mean,1.100000023841858,0.9998999834060669,8
Multi-Head Attention,1.100000023841858,1.0,32
TopK,1.100000023841858,1.0,32
Mean,1.100000023841858,1.0,32
Multi-Head Attention,1.100000023841858,1.0,128
TopK,1.100000023841858,1.0,128
Mean,1.100000023841858,1.0,128
Baseline,1.149999976158142,0.9247999787330627,1
Multi-Head Attention,1.149999976158142,1.0,8
TopK,1.149999976158142,1.0,8
Mean,1.149999976158142,1.0,8
Multi-Head Attention,1.149999976158142,1.0,32
TopK,1.149999976158142,1.0,32
Mean,1.149999976158142,1.0,32
Multi-Head Attention,1.149999976158142,1.0,128
TopK,1.149999976158142,1.0,128
Mean,1.149999976158142,1.0,128
Baseline,1.2000000476837158,0.9380000233650208,1
Multi-Head Attention,1.2000000476837158,1.0,8
TopK,1.2000000476837158,1.0,8
Mean,1.2000000476837158,1.0,8
Multi-Head Attention,1.2000000476837158,1.0,32
TopK,1.2000000476837158,1.0,32
Mean,1.2000000476837158,1.0,32
Multi-Head Attention,1.2000000476837158,1.0,128
TopK,1.2000000476837158,1.0,128
Mean,1.2000000476837158,1.0,128
Baseline,1.25,0.9465000033378601,1
Multi-Head Attention,1.25,1.0,8
TopK,1.25,1.0,8
Mean,1.25,1.0,8
Multi-Head Attention,1.25,1.0,32
TopK,1.25,1.0,32
Mean,1.25,1.0,32
Multi-Head Attention,1.25,1.0,128
TopK,1.25,1.0,128
Mean,1.25,1.0,128
Baseline,1.2999999523162842,0.9467999935150146,1
Multi-Head Attention,1.2999999523162842,1.0,8
TopK,1.2999999523162842,1.0,8
Mean,1.2999999523162842,0.9998999834060669,8
Multi-Head Attention,1.2999999523162842,1.0,32
TopK,1.2999999523162842,1.0,32
Mean,1.2999999523162842,1.0,32
Multi-Head Attention,1.2999999523162842,1.0,128
TopK,1.2999999523162842,1.0,128
Mean,1.2999999523162842,1.0,128
Baseline,1.350000023841858,0.9562000036239624,1
Multi-Head Attention,1.350000023841858,0.9998999834060669,8
TopK,1.350000023841858,1.0,8
Mean,1.350000023841858,1.0,8
Multi-Head Attention,1.350000023841858,1.0,32
TopK,1.350000023841858,1.0,32
Mean,1.350000023841858,1.0,32
Multi-Head Attention,1.350000023841858,1.0,128
TopK,1.350000023841858,1.0,128
Mean,1.350000023841858,1.0,128
Baseline,1.399999976158142,0.9607999920845032,1
Multi-Head Attention,1.399999976158142,1.0,8
TopK,1.399999976158142,1.0,8
Mean,1.399999976158142,1.0,8
Multi-Head Attention,1.399999976158142,1.0,32
TopK,1.399999976158142,1.0,32
Mean,1.399999976158142,1.0,32
Multi-Head Attention,1.399999976158142,1.0,128
TopK,1.399999976158142,1.0,128
Mean,1.399999976158142,1.0,128
Baseline,1.4500000476837158,0.9635999798774719,1
Multi-Head Attention,1.4500000476837158,1.0,8
TopK,1.4500000476837158,1.0,8
Mean,1.4500000476837158,1.0,8
Multi-Head Attention,1.4500000476837158,1.0,32
TopK,1.4500000476837158,1.0,32
Mean,1.4500000476837158,1.0,32
Multi-Head Attention,1.4500000476837158,1.0,128
TopK,1.4500000476837158,1.0,128
Mean,1.4500000476837158,1.0,128
Baseline,1.5,0.9714999794960022,1
Multi-Head Attention,1.5,1.0,8
TopK,1.5,1.0,8
Mean,1.5,1.0,8
Multi-Head Attention,1.5,1.0,32
TopK,1.5,1.0,32
Mean,1.5,1.0,32
Multi-Head Attention,1.5,1.0,128
TopK,1.5,1.0,128
Mean,1.5,1.0,128
Baseline,0.05000000074505806,0.5407999753952026,1
Multi-Head Attention,0.05000000074505806,0.6018000245094299,8
TopK,0.05000000074505806,0.6022999882698059,8
Mean,0.05000000074505806,0.5972999930381775,8
Multi-Head Attention,0.05000000074505806,0.7081000208854675,32
TopK,0.05000000074505806,0.7035999894142151,32
Mean,0.05000000074505806,0.682200014591217,32
Multi-Head Attention,0.05000000074505806,0.8361999988555908,128
TopK,0.05000000074505806,0.82669997215271,128
Mean,0.05000000074505806,0.8504999876022339,128
Baseline,0.10000000149011612,0.5490000247955322,1
Multi-Head Attention,0.10000000149011612,0.6367999911308289,8
TopK,0.10000000149011612,0.6434999704360962,8
Mean,0.10000000149011612,0.6409000158309937,8
Multi-Head Attention,0.10000000149011612,0.7698000073432922,32
TopK,0.10000000149011612,0.7682999968528748,32
Mean,0.10000000149011612,0.7634000182151794,32
Multi-Head Attention,0.10000000149011612,0.9240000247955322,128
TopK,0.10000000149011612,0.8885999917984009,128
Mean,0.10000000149011612,0.9283000230789185,128
Baseline,0.15000000596046448,0.578499972820282,1
Multi-Head Attention,0.15000000596046448,0.7207000255584717,8
TopK,0.15000000596046448,0.7229999899864197,8
Mean,0.15000000596046448,0.7070000171661377,8
Multi-Head Attention,0.15000000596046448,0.871399998664856,32
TopK,0.15000000596046448,0.8611000180244446,32
Mean,0.15000000596046448,0.8697999715805054,32
Multi-Head Attention,0.15000000596046448,0.9873999953269958,128
TopK,0.15000000596046448,0.9563999772071838,128
Mean,0.15000000596046448,0.9894999861717224,128
Baseline,0.20000000298023224,0.597100019454956,1
Multi-Head Attention,0.20000000298023224,0.7519000172615051,8
TopK,0.20000000298023224,0.7495999932289124,8
Mean,0.20000000298023224,0.7616999745368958,8
Multi-Head Attention,0.20000000298023224,0.9132999777793884,32
TopK,0.20000000298023224,0.9020000100135803,32
Mean,0.20000000298023224,0.9121000170707703,32
Multi-Head Attention,0.20000000298023224,0.9970999956130981,128
TopK,0.20000000298023224,0.9776999950408936,128
Mean,0.20000000298023224,0.9966999888420105,128
Baseline,0.25,0.628600001335144,1
Multi-Head Attention,0.25,0.8190000057220459,8
TopK,0.25,0.8155999779701233,8
Mean,0.25,0.8223999738693237,8
Multi-Head Attention,0.25,0.9674000144004822,32
TopK,0.25,0.9541000127792358,32
Mean,0.25,0.9631999731063843,32
Multi-Head Attention,0.25,1.0,128
TopK,0.25,0.9879999756813049,128
Mean,0.25,0.9997000098228455,128
Baseline,0.30000001192092896,0.6509000062942505,1
Multi-Head Attention,0.30000001192092896,0.8633999824523926,8
TopK,0.30000001192092896,0.863099992275238,8
Mean,0.30000001192092896,0.864300012588501,8
Multi-Head Attention,0.30000001192092896,0.9850000143051147,32
TopK,0.30000001192092896,0.9726999998092651,32
Mean,0.30000001192092896,0.9865999817848206,32
Multi-Head Attention,0.30000001192092896,1.0,128
TopK,0.30000001192092896,0.9951000213623047,128
Mean,0.30000001192092896,1.0,128
Baseline,0.3499999940395355,0.6747999787330627,1
Multi-Head Attention,0.3499999940395355,0.8985999822616577,8
TopK,0.3499999940395355,0.8934999704360962,8
Mean,0.3499999940395355,0.8989999890327454,8
Multi-Head Attention,0.3499999940395355,0.9951000213623047,32
TopK,0.3499999940395355,0.9835000038146973,32
Mean,0.3499999940395355,0.9943000078201294,32
Multi-Head Attention,0.3499999940395355,1.0,128
TopK,0.3499999940395355,0.9994000196456909,128
Mean,0.3499999940395355,1.0,128
Baseline,0.4000000059604645,0.6897000074386597,1
Multi-Head Attention,0.4000000059604645,0.9246000051498413,8
TopK,0.4000000059604645,0.9172000288963318,8
Mean,0.4000000059604645,0.9215999841690063,8
Multi-Head Attention,0.4000000059604645,0.9959999918937683,32
TopK,0.4000000059604645,0.9883000254631042,32
Mean,0.4000000059604645,0.9973000288009644,32
Multi-Head Attention,0.4000000059604645,1.0,128
TopK,0.4000000059604645,0.9980000257492065,128
Mean,0.4000000059604645,1.0,128
Baseline,0.45000001788139343,0.7202000021934509,1
Multi-Head Attention,0.45000001788139343,0.9465000033378601,8
TopK,0.45000001788139343,0.9467999935150146,8
Mean,0.45000001788139343,0.9521999955177307,8
Multi-Head Attention,0.45000001788139343,0.9987999796867371,32
TopK,0.45000001788139343,0.998199999332428,32
Mean,0.45000001788139343,0.9994000196456909,32
Multi-Head Attention,0.45000001788139343,1.0,128
TopK,0.45000001788139343,0.9977999925613403,128
Mean,0.45000001788139343,1.0,128
Baseline,0.5,0.7351999878883362,1
Multi-Head Attention,0.5,0.9628000259399414,8
TopK,0.5,0.9641000032424927,8
Mean,0.5,0.9635999798774719,8
Multi-Head Attention,0.5,0.9995999932289124,32
TopK,0.5,0.9993000030517578,32
Mean,0.5,0.9998999834060669,32
Multi-Head Attention,0.5,1.0,128
TopK,0.5,1.0,128
Mean,0.5,1.0,128
Baseline,0.550000011920929,0.7599999904632568,1
Multi-Head Attention,0.550000011920929,0.9733999967575073,8
TopK,0.550000011920929,0.9758999943733215,8
Mean,0.550000011920929,0.9735000133514404,8
Multi-Head Attention,0.550000011920929,0.9998999834060669,32
TopK,0.550000011920929,0.9994000196456909,32
Mean,0.550000011920929,1.0,32
Multi-Head Attention,0.550000011920929,1.0,128
TopK,0.550000011920929,0.9997000098228455,128
Mean,0.550000011920929,1.0,128
Baseline,0.6000000238418579,0.7714999914169312,1
Multi-Head Attention,0.6000000238418579,0.9837999939918518,8
TopK,0.6000000238418579,0.9825000166893005,8
Mean,0.6000000238418579,0.9805999994277954,8
Multi-Head Attention,0.6000000238418579,1.0,32
TopK,0.6000000238418579,0.9994000196456909,32
Mean,0.6000000238418579,1.0,32
Multi-Head Attention,0.6000000238418579,1.0,128
TopK,0.6000000238418579,1.0,128
Mean,0.6000000238418579,1.0,128
Baseline,0.6500000357627869,0.7889000177383423,1
Multi-Head Attention,0.6500000357627869,0.9878000020980835,8
TopK,0.6500000357627869,0.9884999990463257,8
Mean,0.6500000357627869,0.9905999898910522,8
Multi-Head Attention,0.6500000357627869,1.0,32
TopK,0.6500000357627869,0.9998000264167786,32
Mean,0.6500000357627869,1.0,32
Multi-Head Attention,0.6500000357627869,1.0,128
TopK,0.6500000357627869,1.0,128
Mean,0.6500000357627869,1.0,128
Baseline,0.699999988079071,0.8033000230789185,1
Multi-Head Attention,0.699999988079071,0.993399977684021,8
TopK,0.699999988079071,0.9909999966621399,8
Mean,0.699999988079071,0.9940000176429749,8
Multi-Head Attention,0.699999988079071,1.0,32
TopK,0.699999988079071,0.9998000264167786,32
Mean,0.699999988079071,1.0,32
Multi-Head Attention,0.699999988079071,1.0,128
TopK,0.699999988079071,1.0,128
Mean,0.699999988079071,1.0,128
Baseline,0.75,0.8292999863624573,1
Multi-Head Attention,0.75,0.9961000084877014,8
TopK,0.75,0.9962999820709229,8
Mean,0.75,0.9955000281333923,8
Multi-Head Attention,0.75,1.0,32
TopK,0.75,1.0,32
Mean,0.75,1.0,32
Multi-Head Attention,0.75,1.0,128
TopK,0.75,1.0,128
Mean,0.75,1.0,128
Baseline,0.800000011920929,0.8435999751091003,1
Multi-Head Attention,0.800000011920929,0.9975000023841858,8
TopK,0.800000011920929,0.9973000288009644,8
Mean,0.800000011920929,0.9980000257492065,8
Multi-Head Attention,0.800000011920929,1.0,32
TopK,0.800000011920929,1.0,32
Mean,0.800000011920929,1.0,32
Multi-Head Attention,0.800000011920929,1.0,128
TopK,0.800000011920929,1.0,128
Mean,0.800000011920929,1.0,128
Baseline,0.8499999642372131,0.8580999970436096,1
Multi-Head Attention,0.8499999642372131,0.9980999827384949,8
TopK,0.8499999642372131,0.998199999332428,8
Mean,0.8499999642372131,0.9973999857902527,8
Multi-Head Attention,0.8499999642372131,1.0,32
TopK,0.8499999642372131,1.0,32
Mean,0.8499999642372131,1.0,32
Multi-Head Attention,0.8499999642372131,1.0,128
TopK,0.8499999642372131,1.0,128
Mean,0.8499999642372131,1.0,128
Baseline,0.8999999761581421,0.8722000122070312,1
Multi-Head Attention,0.8999999761581421,0.9993000030517578,8
TopK,0.8999999761581421,0.9994999766349792,8
Mean,0.8999999761581421,0.9994000196456909,8
Multi-Head Attention,0.8999999761581421,1.0,32
TopK,0.8999999761581421,1.0,32
Mean,0.8999999761581421,1.0,32
Multi-Head Attention,0.8999999761581421,1.0,128
TopK,0.8999999761581421,1.0,128
Mean,0.8999999761581421,1.0,128
Baseline,0.949999988079071,0.8862000107765198,1
Multi-Head Attention,0.949999988079071,0.9997000098228455,8
TopK,0.949999988079071,0.9995999932289124,8
Mean,0.949999988079071,0.9995999932289124,8
Multi-Head Attention,0.949999988079071,1.0,32
TopK,0.949999988079071,1.0,32
Mean,0.949999988079071,1.0,32
Multi-Head Attention,0.949999988079071,1.0,128
TopK,0.949999988079071,1.0,128
Mean,0.949999988079071,1.0,128
Baseline,1.0,0.8991000056266785,1
Multi-Head Attention,1.0,0.9997000098228455,8
TopK,1.0,0.9998000264167786,8
Mean,1.0,0.9998000264167786,8
Multi-Head Attention,1.0,1.0,32
TopK,1.0,1.0,32
Mean,1.0,1.0,32
Multi-Head Attention,1.0,1.0,128
TopK,1.0,1.0,128
Mean,1.0,1.0,128
Baseline,1.0499999523162842,0.9146000146865845,1
Multi-Head Attention,1.0499999523162842,0.9998000264167786,8
TopK,1.0499999523162842,0.9998999834060669,8
Mean,1.0499999523162842,0.9997000098228455,8
Multi-Head Attention,1.0499999523162842,1.0,32
TopK,1.0499999523162842,1.0,32
Mean,1.0499999523162842,1.0,32
Multi-Head Attention,1.0499999523162842,1.0,128
TopK,1.0499999523162842,1.0,128
Mean,1.0499999523162842,1.0,128
Baseline,1.100000023841858,0.9171000123023987,1
Multi-Head Attention,1.100000023841858,0.9998999834060669,8
TopK,1.100000023841858,0.9991999864578247,8
Mean,1.100000023841858,0.9998999834060669,8
Multi-Head Attention,1.100000023841858,1.0,32
TopK,1.100000023841858,1.0,32
Mean,1.100000023841858,1.0,32
Multi-Head Attention,1.100000023841858,1.0,128
TopK,1.100000023841858,1.0,128
Mean,1.100000023841858,1.0,128
Baseline,1.149999976158142,0.9203000068664551,1
Multi-Head Attention,1.149999976158142,0.9998999834060669,8
TopK,1.149999976158142,1.0,8
Mean,1.149999976158142,0.9998999834060669,8
Multi-Head Attention,1.149999976158142,1.0,32
TopK,1.149999976158142,1.0,32
Mean,1.149999976158142,1.0,32
Multi-Head Attention,1.149999976158142,1.0,128
TopK,1.149999976158142,1.0,128
Mean,1.149999976158142,1.0,128
Baseline,1.2000000476837158,0.941100001335144,1
Multi-Head Attention,1.2000000476837158,0.9998999834060669,8
TopK,1.2000000476837158,1.0,8
Mean,1.2000000476837158,0.9998999834060669,8
Multi-Head Attention,1.2000000476837158,1.0,32
TopK,1.2000000476837158,1.0,32
Mean,1.2000000476837158,1.0,32
Multi-Head Attention,1.2000000476837158,1.0,128
TopK,1.2000000476837158,1.0,128
Mean,1.2000000476837158,1.0,128
Baseline,1.25,0.9406999945640564,1
Multi-Head Attention,1.25,1.0,8
TopK,1.25,1.0,8
Mean,1.25,0.9994999766349792,8
Multi-Head Attention,1.25,1.0,32
TopK,1.25,1.0,32
Mean,1.25,1.0,32
Multi-Head Attention,1.25,1.0,128
TopK,1.25,1.0,128
Mean,1.25,1.0,128
Baseline,1.2999999523162842,0.9488999843597412,1
Multi-Head Attention,1.2999999523162842,1.0,8
TopK,1.2999999523162842,1.0,8
Mean,1.2999999523162842,0.9998999834060669,8
Multi-Head Attention,1.2999999523162842,1.0,32
TopK,1.2999999523162842,1.0,32
Mean,1.2999999523162842,1.0,32
Multi-Head Attention,1.2999999523162842,1.0,128
TopK,1.2999999523162842,1.0,128
Mean,1.2999999523162842,1.0,128
Baseline,1.350000023841858,0.9592999815940857,1
Multi-Head Attention,1.350000023841858,1.0,8
TopK,1.350000023841858,1.0,8
Mean,1.350000023841858,0.9998999834060669,8
Multi-Head Attention,1.350000023841858,1.0,32
TopK,1.350000023841858,1.0,32
Mean,1.350000023841858,1.0,32
Multi-Head Attention,1.350000023841858,1.0,128
TopK,1.350000023841858,1.0,128
Mean,1.350000023841858,1.0,128
Baseline,1.399999976158142,0.9580000042915344,1
Multi-Head Attention,1.399999976158142,1.0,8
TopK,1.399999976158142,1.0,8
Mean,1.399999976158142,1.0,8
Multi-Head Attention,1.399999976158142,1.0,32
TopK,1.399999976158142,1.0,32
Mean,1.399999976158142,1.0,32
Multi-Head Attention,1.399999976158142,1.0,128
TopK,1.399999976158142,1.0,128
Mean,1.399999976158142,1.0,128
Baseline,1.4500000476837158,0.9660000205039978,1
Multi-Head Attention,1.4500000476837158,1.0,8
TopK,1.4500000476837158,1.0,8
Mean,1.4500000476837158,1.0,8
Multi-Head Attention,1.4500000476837158,1.0,32
TopK,1.4500000476837158,1.0,32
Mean,1.4500000476837158,1.0,32
Multi-Head Attention,1.4500000476837158,1.0,128
TopK,1.4500000476837158,1.0,128
Mean,1.4500000476837158,1.0,128
Baseline,1.5,0.9678999781608582,1
Multi-Head Attention,1.5,1.0,8
TopK,1.5,1.0,8
Mean,1.5,1.0,8
Multi-Head Attention,1.5,1.0,32
TopK,1.5,1.0,32
Mean,1.5,1.0,32
Multi-Head Attention,1.5,1.0,128
TopK,1.5,1.0,128
Mean,1.5,1.0,128
Baseline,0.05000000074505806,0.5220000147819519,1
Multi-Head Attention,0.05000000074505806,0.5493000149726868,8
TopK,0.05000000074505806,0.5623000264167786,8
Mean,0.05000000074505806,0.566100001335144,8
Multi-Head Attention,0.05000000074505806,0.6330999732017517,32
TopK,0.05000000074505806,0.6082000136375427,32
Mean,0.05000000074505806,0.6226000189781189,32
Multi-Head Attention,0.05000000074505806,0.736299991607666,128
TopK,0.05000000074505806,0.7182999849319458,128
Mean,0.05000000074505806,0.7337999939918518,128
Baseline,0.10000000149011612,0.5547999739646912,1
Multi-Head Attention,0.10000000149011612,0.6471999883651733,8
TopK,0.10000000149011612,0.64410001039505,8
Mean,0.10000000149011612,0.6432999968528748,8
Multi-Head Attention,0.10000000149011612,0.7847999930381775,32
TopK,0.10000000149011612,0.7554000020027161,32
Mean,0.10000000149011612,0.7775999903678894,32
Multi-Head Attention,0.10000000149011612,0.9387999773025513,128
TopK,0.10000000149011612,0.8507999777793884,128
Mean,0.10000000149011612,0.9362999796867371,128
Baseline,0.15000000596046448,0.5724999904632568,1
Multi-Head Attention,0.15000000596046448,0.6963000297546387,8
TopK,0.15000000596046448,0.6991999745368958,8
Mean,0.15000000596046448,0.6923999786376953,8
Multi-Head Attention,0.15000000596046448,0.8402000069618225,32
TopK,0.15000000596046448,0.8068000078201294,32
Mean,0.15000000596046448,0.8525000214576721,32
Multi-Head Attention,0.15000000596046448,0.9782000184059143,128
TopK,0.15000000596046448,0.9248999953269958,128
Mean,0.15000000596046448,0.9817000031471252,128
Baseline,0.20000000298023224,0.5972999930381775,1
Multi-Head Attention,0.20000000298023224,0.7634000182151794,8
TopK,0.20000000298023224,0.7610999941825867,8
Mean,0.20000000298023224,0.7675999999046326,8
Multi-Head Attention,0.20000000298023224,0.9265000224113464,32
TopK,0.20000000298023224,0.909500002861023,32
Mean,0.20000000298023224,0.9243000149726868,32
Multi-Head Attention,0.20000000298023224,0.9983999729156494,128
TopK,0.20000000298023224,0.9721999764442444,128
Mean,0.20000000298023224,0.9983000159263611,128
Baseline,0.25,0.628600001335144,1
Multi-Head Attention,0.25,0.8195000290870667,8
TopK,0.25,0.8209999799728394,8
Mean,0.25,0.8190000057220459,8
Multi-Head Attention,0.25,0.9646000266075134,32
TopK,0.25,0.954200029373169,32
Mean,0.25,0.9653000235557556,32
Multi-Head Attention,0.25,0.9998999834060669,128
TopK,0.25,0.9941999912261963,128
Mean,0.25,0.9998999834060669,128
Baseline,0.30000001192092896,0.650600016117096,1
Multi-Head Attention,0.30000001192092896,0.8644999861717224,8
TopK,0.30000001192092896,0.859000027179718,8
Mean,0.30000001192092896,0.8644000291824341,8
Multi-Head Attention,0.30000001192092896,0.9829000234603882,32
TopK,0.30000001192092896,0.9725000262260437,32
Mean,0.30000001192092896,0.9847999811172485,32
Multi-Head Attention,0.30000001192092896,1.0,128
TopK,0.30000001192092896,0.992900013923645,128
Mean,0.30000001192092896,1.0,128
Baseline,0.3499999940395355,0.6754000186920166,1
Multi-Head Attention,0.3499999940395355,0.8948000073432922,8
TopK,0.3499999940395355,0.8949999809265137,8
Mean,0.3499999940395355,0.901199996471405,8
Multi-Head Attention,0.3499999940395355,0.9944000244140625,32
TopK,0.3499999940395355,0.9839000105857849,32
Mean,0.3499999940395355,0.9940999746322632,32
Multi-Head Attention,0.3499999940395355,1.0,128
TopK,0.3499999940395355,0.9987000226974487,128
Mean,0.3499999940395355,1.0,128
Baseline,0.4000000059604645,0.7002000212669373,1
Multi-Head Attention,0.4000000059604645,0.923799991607666,8
TopK,0.4000000059604645,0.9311000108718872,8
Mean,0.4000000059604645,0.9319000244140625,8
Multi-Head Attention,0.4000000059604645,0.9986000061035156,32
TopK,0.4000000059604645,0.9933000206947327,32
Mean,0.4000000059604645,0.9977999925613403,32
Multi-Head Attention,0.4000000059604645,1.0,128
TopK,0.4000000059604645,0.9994999766349792,128
Mean,0.4000000059604645,1.0,128
Baseline,0.45000001788139343,0.722000002861023,1
Multi-Head Attention,0.45000001788139343,0.9545999765396118,8
TopK,0.45000001788139343,0.9523000121116638,8
Mean,0.45000001788139343,0.954800009727478,8
Multi-Head Attention,0.45000001788139343,0.9995999932289124,32
TopK,0.45000001788139343,0.9980999827384949,32
Mean,0.45000001788139343,0.9973000288009644,32
Multi-Head Attention,0.45000001788139343,1.0,128
TopK,0.45000001788139343,0.9998000264167786,128
Mean,0.45000001788139343,1.0,128
Baseline,0.5,0.734000027179718,1
Multi-Head Attention,0.5,0.949400007724762,8
TopK,0.5,0.9571999907493591,8
Mean,0.5,0.9550999999046326,8
Multi-Head Attention,0.5,0.9993000030517578,32
TopK,0.5,0.9973999857902527,32
Mean,0.5,0.9997000098228455,32
Multi-Head Attention,0.5,1.0,128
TopK,0.5,0.9995999932289124,128
Mean,0.5,1.0,128
Baseline,0.550000011920929,0.7591999769210815,1
Multi-Head Attention,0.550000011920929,0.9789999723434448,8
TopK,0.550000011920929,0.9775999784469604,8
Mean,0.550000011920929,0.9779999852180481,8
Multi-Head Attention,0.550000011920929,0.9998999834060669,32
TopK,0.550000011920929,0.9991000294685364,32
Mean,0.550000011920929,1.0,32
Multi-Head Attention,0.550000011920929,1.0,128
TopK,0.550000011920929,1.0,128
Mean,0.550000011920929,1.0,128
Baseline,0.6000000238418579,0.7745000123977661,1
Multi-Head Attention,0.6000000238418579,0.9850999712944031,8
TopK,0.6000000238418579,0.9807999730110168,8
Mean,0.6000000238418579,0.9814000129699707,8
Multi-Head Attention,0.6000000238418579,1.0,32
TopK,0.6000000238418579,0.9994999766349792,32
Mean,0.6000000238418579,1.0,32
Multi-Head Attention,0.6000000238418579,1.0,128
TopK,0.6000000238418579,1.0,128
Mean,0.6000000238418579,1.0,128
Baseline,0.6500000357627869,0.79339998960495,1
Multi-Head Attention,0.6500000357627869,0.9896000027656555,8
TopK,0.6500000357627869,0.9904999732971191,8
Mean,0.6500000357627869,0.9883999824523926,8
Multi-Head Attention,0.6500000357627869,1.0,32
TopK,0.6500000357627869,0.9998999834060669,32
Mean,0.6500000357627869,1.0,32
Multi-Head Attention,0.6500000357627869,1.0,128
TopK,0.6500000357627869,1.0,128
Mean,0.6500000357627869,1.0,128
Baseline,0.699999988079071,0.8044000267982483,1
Multi-Head Attention,0.699999988079071,0.9941999912261963,8
TopK,0.699999988079071,0.9911999702453613,8
Mean,0.699999988079071,0.9889000058174133,8
Multi-Head Attention,0.699999988079071,1.0,32
TopK,0.699999988079071,1.0,32
Mean,0.699999988079071,1.0,32
Multi-Head Attention,0.699999988079071,1.0,128
TopK,0.699999988079071,1.0,128
Mean,0.699999988079071,1.0,128
Baseline,0.75,0.8314999938011169,1
Multi-Head Attention,0.75,0.9959999918937683,8
TopK,0.75,0.9969000220298767,8
Mean,0.75,0.996999979019165,8
Multi-Head Attention,0.75,1.0,32
TopK,0.75,0.9998999834060669,32
Mean,0.75,1.0,32
Multi-Head Attention,0.75,1.0,128
TopK,0.75,1.0,128
Mean,0.75,1.0,128
Baseline,0.800000011920929,0.8389000296592712,1
Multi-Head Attention,0.800000011920929,0.9976999759674072,8
TopK,0.800000011920929,0.9950000047683716,8
Mean,0.800000011920929,0.9980000257492065,8
Multi-Head Attention,0.800000011920929,1.0,32
TopK,0.800000011920929,1.0,32
Mean,0.800000011920929,1.0,32
Multi-Head Attention,0.800000011920929,1.0,128
TopK,0.800000011920929,1.0,128
Mean,0.800000011920929,1.0,128
Baseline,0.8499999642372131,0.8604999780654907,1
Multi-Head Attention,0.8499999642372131,0.9984999895095825,8
TopK,0.8499999642372131,0.9988999962806702,8
Mean,0.8499999642372131,0.9983000159263611,8
Multi-Head Attention,0.8499999642372131,1.0,32
TopK,0.8499999642372131,1.0,32
Mean,0.8499999642372131,1.0,32
Multi-Head Attention,0.8499999642372131,1.0,128
TopK,0.8499999642372131,1.0,128
Mean,0.8499999642372131,1.0,128
Baseline,0.8999999761581421,0.8712000250816345,1
Multi-Head Attention,0.8999999761581421,0.9991999864578247,8
TopK,0.8999999761581421,0.9998000264167786,8
Mean,0.8999999761581421,0.9987999796867371,8
Multi-Head Attention,0.8999999761581421,1.0,32
TopK,0.8999999761581421,1.0,32
Mean,0.8999999761581421,1.0,32
Multi-Head Attention,0.8999999761581421,1.0,128
TopK,0.8999999761581421,1.0,128
Mean,0.8999999761581421,1.0,128
Baseline,0.949999988079071,0.8871999979019165,1
Multi-Head Attention,0.949999988079071,0.9998999834060669,8
TopK,0.949999988079071,0.9994000196456909,8
Mean,0.949999988079071,0.9994999766349792,8
Multi-Head Attention,0.949999988079071,1.0,32
TopK,0.949999988079071,1.0,32
Mean,0.949999988079071,1.0,32
Multi-Head Attention,0.949999988079071,1.0,128
TopK,0.949999988079071,1.0,128
Mean,0.949999988079071,1.0,128
Baseline,1.0,0.89410001039505,1
Multi-Head Attention,1.0,0.9994999766349792,8
TopK,1.0,0.9994999766349792,8
Mean,1.0,0.9997000098228455,8
Multi-Head Attention,1.0,1.0,32
TopK,1.0,1.0,32
Mean,1.0,1.0,32
Multi-Head Attention,1.0,1.0,128
TopK,1.0,1.0,128
Mean,1.0,1.0,128
Baseline,1.0499999523162842,0.9067000150680542,1
Multi-Head Attention,1.0499999523162842,0.9998000264167786,8
TopK,1.0499999523162842,0.9997000098228455,8
Mean,1.0499999523162842,0.9998999834060669,8
Multi-Head Attention,1.0499999523162842,1.0,32
TopK,1.0499999523162842,1.0,32
Mean,1.0499999523162842,1.0,32
Multi-Head Attention,1.0499999523162842,1.0,128
TopK,1.0499999523162842,1.0,128
Mean,1.0499999523162842,1.0,128
Baseline,1.100000023841858,0.9164000153541565,1
Multi-Head Attention,1.100000023841858,1.0,8
TopK,1.100000023841858,1.0,8
Mean,1.100000023841858,0.9998999834060669,8
Multi-Head Attention,1.100000023841858,1.0,32
TopK,1.100000023841858,1.0,32
Mean,1.100000023841858,1.0,32
Multi-Head Attention,1.100000023841858,1.0,128
TopK,1.100000023841858,1.0,128
Mean,1.100000023841858,1.0,128
Baseline,1.149999976158142,0.9264000058174133,1
Multi-Head Attention,1.149999976158142,1.0,8
TopK,1.149999976158142,1.0,8
Mean,1.149999976158142,1.0,8
Multi-Head Attention,1.149999976158142,1.0,32
TopK,1.149999976158142,1.0,32
Mean,1.149999976158142,1.0,32
Multi-Head Attention,1.149999976158142,1.0,128
TopK,1.149999976158142,1.0,128
Mean,1.149999976158142,1.0,128
Baseline,1.2000000476837158,0.9377999901771545,1
Multi-Head Attention,1.2000000476837158,1.0,8
TopK,1.2000000476837158,1.0,8
Mean,1.2000000476837158,1.0,8
Multi-Head Attention,1.2000000476837158,1.0,32
TopK,1.2000000476837158,1.0,32
Mean,1.2000000476837158,1.0,32
Multi-Head Attention,1.2000000476837158,1.0,128
TopK,1.2000000476837158,1.0,128
Mean,1.2000000476837158,1.0,128
Baseline,1.25,0.9440000057220459,1
Multi-Head Attention,1.25,0.9998999834060669,8
TopK,1.25,1.0,8
Mean,1.25,1.0,8
Multi-Head Attention,1.25,1.0,32
TopK,1.25,1.0,32
Mean,1.25,1.0,32
Multi-Head Attention,1.25,1.0,128
TopK,1.25,1.0,128
Mean,1.25,1.0,128
Baseline,1.2999999523162842,0.9509000182151794,1
Multi-Head Attention,1.2999999523162842,1.0,8
TopK,1.2999999523162842,1.0,8
Mean,1.2999999523162842,1.0,8
Multi-Head Attention,1.2999999523162842,1.0,32
TopK,1.2999999523162842,1.0,32
Mean,1.2999999523162842,1.0,32
Multi-Head Attention,1.2999999523162842,1.0,128
TopK,1.2999999523162842,1.0,128
Mean,1.2999999523162842,1.0,128
Baseline,1.350000023841858,0.9546999931335449,1
Multi-Head Attention,1.350000023841858,0.9998999834060669,8
TopK,1.350000023841858,0.9998000264167786,8
Mean,1.350000023841858,1.0,8
Multi-Head Attention,1.350000023841858,1.0,32
TopK,1.350000023841858,1.0,32
Mean,1.350000023841858,1.0,32
Multi-Head Attention,1.350000023841858,1.0,128
TopK,1.350000023841858,1.0,128
Mean,1.350000023841858,1.0,128
Baseline,1.399999976158142,0.9613999724388123,1
Multi-Head Attention,1.399999976158142,1.0,8
TopK,1.399999976158142,1.0,8
Mean,1.399999976158142,1.0,8
Multi-Head Attention,1.399999976158142,1.0,32
TopK,1.399999976158142,1.0,32
Mean,1.399999976158142,1.0,32
Multi-Head Attention,1.399999976158142,1.0,128
TopK,1.399999976158142,1.0,128
Mean,1.399999976158142,1.0,128
Baseline,1.4500000476837158,0.9686999917030334,1
Multi-Head Attention,1.4500000476837158,1.0,8
TopK,1.4500000476837158,1.0,8
Mean,1.4500000476837158,1.0,8
Multi-Head Attention,1.4500000476837158,1.0,32
TopK,1.4500000476837158,1.0,32
Mean,1.4500000476837158,1.0,32
Multi-Head Attention,1.4500000476837158,1.0,128
TopK,1.4500000476837158,1.0,128
Mean,1.4500000476837158,1.0,128
Baseline,1.5,0.9703999757766724,1
Multi-Head Attention,1.5,1.0,8
TopK,1.5,1.0,8
Mean,1.5,1.0,8
Multi-Head Attention,1.5,1.0,32
TopK,1.5,1.0,32
Mean,1.5,1.0,32
Multi-Head Attention,1.5,1.0,128
TopK,1.5,1.0,128
Mean,1.5,1.0,128
Baseline,0.05000000074505806,0.5217000246047974,1
Multi-Head Attention,0.05000000074505806,0.574999988079071,8
TopK,0.05000000074505806,0.5860999822616577,8
Mean,0.05000000074505806,0.573199987411499,8
Multi-Head Attention,0.05000000074505806,0.6564000248908997,32
TopK,0.05000000074505806,0.6577000021934509,32
Mean,0.05000000074505806,0.6536999940872192,32
Multi-Head Attention,0.05000000074505806,0.8012999892234802,128
TopK,0.05000000074505806,0.7371000051498413,128
Mean,0.05000000074505806,0.7962999939918518,128
Baseline,0.10000000149011612,0.5555999875068665,1
Multi-Head Attention,0.10000000149011612,0.6406000256538391,8
TopK,0.10000000149011612,0.635699987411499,8
Mean,0.10000000149011612,0.6383000016212463,8
Multi-Head Attention,0.10000000149011612,0.7588000297546387,32
TopK,0.10000000149011612,0.7594000101089478,32
Mean,0.10000000149011612,0.7628999948501587,32
Multi-Head Attention,0.10000000149011612,0.9162999987602234,128
TopK,0.10000000149011612,0.8815000057220459,128
Mean,0.10000000149011612,0.9230999946594238,128
Baseline,0.15000000596046448,0.5756999850273132,1
Multi-Head Attention,0.15000000596046448,0.7038999795913696,8
TopK,0.15000000596046448,0.7093999981880188,8
Mean,0.15000000596046448,0.7105000019073486,8
Multi-Head Attention,0.15000000596046448,0.8567000031471252,32
TopK,0.15000000596046448,0.8496999740600586,32
Mean,0.15000000596046448,0.867900013923645,32
Multi-Head Attention,0.15000000596046448,0.987500011920929,128
TopK,0.15000000596046448,0.953000009059906,128
Mean,0.15000000596046448,0.9869999885559082,128
Baseline,0.20000000298023224,0.5939000248908997,1
Multi-Head Attention,0.20000000298023224,0.7401000261306763,8
TopK,0.20000000298023224,0.7368000149726868,8
Mean,0.20000000298023224,0.7486000061035156,8
Multi-Head Attention,0.20000000298023224,0.9089000225067139,32
TopK,0.20000000298023224,0.9004999995231628,32
Mean,0.20000000298023224,0.9136999845504761,32
Multi-Head Attention,0.20000000298023224,0.996399998664856,128
TopK,0.20000000298023224,0.972000002861023,128
Mean,0.20000000298023224,0.9970999956130981,128
Baseline,0.25,0.6283000111579895,1
Multi-Head Attention,0.25,0.8223999738693237,8
TopK,0.25,0.8151000142097473,8
Mean,0.25,0.8217999935150146,8
Multi-Head Attention,0.25,0.96670001745224,32
TopK,0.25,0.9570000171661377,32
Mean,0.25,0.9700000286102295,32
Multi-Head Attention,0.25,0.9994999766349792,128
TopK,0.25,0.9936000108718872,128
Mean,0.25,1.0,128
Baseline,0.30000001192092896,0.6446999907493591,1
Multi-Head Attention,0.30000001192092896,0.8511999845504761,8
TopK,0.30000001192092896,0.8522999882698059,8
Mean,0.30000001192092896,0.8532999753952026,8
Multi-Head Attention,0.30000001192092896,0.9818000197410583,32
TopK,0.30000001192092896,0.9703999757766724,32
Mean,0.30000001192092896,0.9797000288963318,32
Multi-Head Attention,0.30000001192092896,1.0,128
TopK,0.30000001192092896,0.9984999895095825,128
Mean,0.30000001192092896,1.0,128
Baseline,0.3499999940395355,0.6674000024795532,1
Multi-Head Attention,0.3499999940395355,0.8784000277519226,8
TopK,0.3499999940395355,0.8867999911308289,8
Mean,0.3499999940395355,0.8938000202178955,8
Multi-Head Attention,0.3499999940395355,0.9936000108718872,32
TopK,0.3499999940395355,0.9869999885559082,32
Mean,0.3499999940395355,0.9926000237464905,32
Multi-Head Attention,0.3499999940395355,1.0,128
TopK,0.3499999940395355,0.9986000061035156,128
Mean,0.3499999940395355,1.0,128
Baseline,0.4000000059604645,0.6930999755859375,1
Multi-Head Attention,0.4000000059604645,0.9230999946594238,8
TopK,0.4000000059604645,0.9204999804496765,8
Mean,0.4000000059604645,0.9186999797821045,8
Multi-Head Attention,0.4000000059604645,0.9979000091552734,32
TopK,0.4000000059604645,0.9944999814033508,32
Mean,0.4000000059604645,0.9977999925613403,32
Multi-Head Attention,0.4000000059604645,1.0,128
TopK,0.4000000059604645,0.9997000098228455,128
Mean,0.4000000059604645,1.0,128
Baseline,0.45000001788139343,0.7197999954223633,1
Multi-Head Attention,0.45000001788139343,0.9455000162124634,8
TopK,0.45000001788139343,0.9462000131607056,8
Mean,0.45000001788139343,0.9483000040054321,8
Multi-Head Attention,0.45000001788139343,0.9993000030517578,32
TopK,0.45000001788139343,0.9986000061035156,32
Mean,0.45000001788139343,0.9983999729156494,32
Multi-Head Attention,0.45000001788139343,1.0,128
TopK,0.45000001788139343,0.9994999766349792,128
Mean,0.45000001788139343,1.0,128
Baseline,0.5,0.730400025844574,1
Multi-Head Attention,0.5,0.9591000080108643,8
TopK,0.5,0.9542999863624573,8
Mean,0.5,0.9573000073432922,8
Multi-Head Attention,0.5,0.9994999766349792,32
TopK,0.5,0.9977999925613403,32
Mean,0.5,0.9998999834060669,32
Multi-Head Attention,0.5,1.0,128
TopK,0.5,0.9998999834060669,128
Mean,0.5,1.0,128
Baseline,0.550000011920929,0.7512999773025513,1
Multi-Head Attention,0.550000011920929,0.9711999893188477,8
TopK,0.550000011920929,0.972599983215332,8
Mean,0.550000011920929,0.9711999893188477,8
Multi-Head Attention,0.550000011920929,0.9998000264167786,32
TopK,0.550000011920929,0.9994999766349792,32
Mean,0.550000011920929,0.9998000264167786,32
Multi-Head Attention,0.550000011920929,1.0,128
TopK,0.550000011920929,1.0,128
Mean,0.550000011920929,1.0,128
Baseline,0.6000000238418579,0.7724000215530396,1
Multi-Head Attention,0.6000000238418579,0.9853000044822693,8
TopK,0.6000000238418579,0.9839000105857849,8
Mean,0.6000000238418579,0.9836999773979187,8
Multi-Head Attention,0.6000000238418579,1.0,32
TopK,0.6000000238418579,0.9994999766349792,32
Mean,0.6000000238418579,1.0,32
Multi-Head Attention,0.6000000238418579,1.0,128
TopK,0.6000000238418579,1.0,128
Mean,0.6000000238418579,1.0,128
Baseline,0.6500000357627869,0.7893999814987183,1
Multi-Head Attention,0.6500000357627869,0.9887999892234802,8
TopK,0.6500000357627869,0.9908999800682068,8
Mean,0.6500000357627869,0.9894999861717224,8
Multi-Head Attention,0.6500000357627869,1.0,32
TopK,0.6500000357627869,1.0,32
Mean,0.6500000357627869,1.0,32
Multi-Head Attention,0.6500000357627869,1.0,128
TopK,0.6500000357627869,1.0,128
Mean,0.6500000357627869,1.0,128
Baseline,0.699999988079071,0.8141000270843506,1
Multi-Head Attention,0.699999988079071,0.9947999715805054,8
TopK,0.699999988079071,0.9937000274658203,8
Mean,0.699999988079071,0.9926000237464905,8
Multi-Head Attention,0.699999988079071,1.0,32
TopK,0.699999988079071,0.9998999834060669,32
Mean,0.699999988079071,1.0,32
Multi-Head Attention,0.699999988079071,1.0,128
TopK,0.699999988079071,1.0,128
Mean,0.699999988079071,1.0,128
Baseline,0.75,0.8288000226020813,1
Multi-Head Attention,0.75,0.9948999881744385,8
TopK,0.75,0.9958000183105469,8
Mean,0.75,0.9961000084877014,8
Multi-Head Attention,0.75,1.0,32
TopK,0.75,1.0,32
Mean,0.75,1.0,32
Multi-Head Attention,0.75,1.0,128
TopK,0.75,1.0,128
Mean,0.75,1.0,128
Baseline,0.800000011920929,0.8483999967575073,1
Multi-Head Attention,0.800000011920929,0.9983999729156494,8
TopK,0.800000011920929,0.9965999722480774,8
Mean,0.800000011920929,0.9962999820709229,8
Multi-Head Attention,0.800000011920929,1.0,32
TopK,0.800000011920929,1.0,32
Mean,0.800000011920929,1.0,32
Multi-Head Attention,0.800000011920929,1.0,128
TopK,0.800000011920929,1.0,128
Mean,0.800000011920929,1.0,128
Baseline,0.8499999642372131,0.8568000197410583,1
Multi-Head Attention,0.8499999642372131,0.9984999895095825,8
TopK,0.8499999642372131,0.9984999895095825,8
Mean,0.8499999642372131,0.9984999895095825,8
Multi-Head Attention,0.8499999642372131,1.0,32
TopK,0.8499999642372131,1.0,32
Mean,0.8499999642372131,1.0,32
Multi-Head Attention,0.8499999642372131,1.0,128
TopK,0.8499999642372131,1.0,128
Mean,0.8499999642372131,1.0,128
Baseline,0.8999999761581421,0.8698999881744385,1
Multi-Head Attention,0.8999999761581421,0.9997000098228455,8
TopK,0.8999999761581421,0.9995999932289124,8
Mean,0.8999999761581421,0.9994000196456909,8
Multi-Head Attention,0.8999999761581421,1.0,32
TopK,0.8999999761581421,1.0,32
Mean,0.8999999761581421,1.0,32
Multi-Head Attention,0.8999999761581421,1.0,128
TopK,0.8999999761581421,1.0,128
Mean,0.8999999761581421,1.0,128
Baseline,0.949999988079071,0.8881999850273132,1
Multi-Head Attention,0.949999988079071,0.9998000264167786,8
TopK,0.949999988079071,1.0,8
Mean,0.949999988079071,1.0,8
Multi-Head Attention,0.949999988079071,1.0,32
TopK,0.949999988079071,1.0,32
Mean,0.949999988079071,1.0,32
Multi-Head Attention,0.949999988079071,1.0,128
TopK,0.949999988079071,1.0,128
Mean,0.949999988079071,1.0,128
Baseline,1.0,0.8999999761581421,1
Multi-Head Attention,1.0,0.9994000196456909,8
TopK,1.0,1.0,8
Mean,1.0,0.9998000264167786,8
Multi-Head Attention,1.0,1.0,32
TopK,1.0,1.0,32
Mean,1.0,1.0,32
Multi-Head Attention,1.0,1.0,128
TopK,1.0,1.0,128
Mean,1.0,1.0,128
Baseline,1.0499999523162842,0.9067999720573425,1
Multi-Head Attention,1.0499999523162842,0.9998999834060669,8
TopK,1.0499999523162842,0.9997000098228455,8
Mean,1.0499999523162842,1.0,8
Multi-Head Attention,1.0499999523162842,1.0,32
TopK,1.0499999523162842,1.0,32
Mean,1.0499999523162842,1.0,32
Multi-Head Attention,1.0499999523162842,1.0,128
TopK,1.0499999523162842,1.0,128
Mean,1.0499999523162842,1.0,128
Baseline,1.100000023841858,0.9176999926567078,1
Multi-Head Attention,1.100000023841858,1.0,8
TopK,1.100000023841858,0.9991000294685364,8
Mean,1.100000023841858,0.9998000264167786,8
Multi-Head Attention,1.100000023841858,1.0,32
TopK,1.100000023841858,1.0,32
Mean,1.100000023841858,1.0,32
Multi-Head Attention,1.100000023841858,1.0,128
TopK,1.100000023841858,1.0,128
Mean,1.100000023841858,1.0,128
Baseline,1.149999976158142,0.9229000210762024,1
Multi-Head Attention,1.149999976158142,1.0,8
TopK,1.149999976158142,1.0,8
Mean,1.149999976158142,0.9998000264167786,8
Multi-Head Attention,1.149999976158142,1.0,32
TopK,1.149999976158142,1.0,32
Mean,1.149999976158142,1.0,32
Multi-Head Attention,1.149999976158142,1.0,128
TopK,1.149999976158142,1.0,128
Mean,1.149999976158142,1.0,128
Baseline,1.2000000476837158,0.9320999979972839,1
Multi-Head Attention,1.2000000476837158,1.0,8
TopK,1.2000000476837158,1.0,8
Mean,1.2000000476837158,1.0,8
Multi-Head Attention,1.2000000476837158,1.0,32
TopK,1.2000000476837158,1.0,32
Mean,1.2000000476837158,1.0,32
Multi-Head Attention,1.2000000476837158,1.0,128
TopK,1.2000000476837158,1.0,128
Mean,1.2000000476837158,1.0,128
Baseline,1.25,0.9401999711990356,1
Multi-Head Attention,1.25,1.0,8
TopK,1.25,0.9998999834060669,8
Mean,1.25,1.0,8
Multi-Head Attention,1.25,1.0,32
TopK,1.25,1.0,32
Mean,1.25,1.0,32
Multi-Head Attention,1.25,1.0,128
TopK,1.25,1.0,128
Mean,1.25,1.0,128
Baseline,1.2999999523162842,0.9506999850273132,1
Multi-Head Attention,1.2999999523162842,0.9998999834060669,8
TopK,1.2999999523162842,1.0,8
Mean,1.2999999523162842,1.0,8
Multi-Head Attention,1.2999999523162842,1.0,32
TopK,1.2999999523162842,1.0,32
Mean,1.2999999523162842,1.0,32
Multi-Head Attention,1.2999999523162842,1.0,128
TopK,1.2999999523162842,1.0,128
Mean,1.2999999523162842,1.0,128
Baseline,1.350000023841858,0.9528999924659729,1
Multi-Head Attention,1.350000023841858,1.0,8
TopK,1.350000023841858,0.9998000264167786,8
Mean,1.350000023841858,1.0,8
Multi-Head Attention,1.350000023841858,1.0,32
TopK,1.350000023841858,1.0,32
Mean,1.350000023841858,1.0,32
Multi-Head Attention,1.350000023841858,1.0,128
TopK,1.350000023841858,1.0,128
Mean,1.350000023841858,1.0,128
Baseline,1.399999976158142,0.9613000154495239,1
Multi-Head Attention,1.399999976158142,1.0,8
TopK,1.399999976158142,1.0,8
Mean,1.399999976158142,1.0,8
Multi-Head Attention,1.399999976158142,1.0,32
TopK,1.399999976158142,1.0,32
Mean,1.399999976158142,1.0,32
Multi-Head Attention,1.399999976158142,1.0,128
TopK,1.399999976158142,1.0,128
Mean,1.399999976158142,1.0,128
Baseline,1.4500000476837158,0.9666000008583069,1
Multi-Head Attention,1.4500000476837158,1.0,8
TopK,1.4500000476837158,1.0,8
Mean,1.4500000476837158,1.0,8
Multi-Head Attention,1.4500000476837158,1.0,32
TopK,1.4500000476837158,1.0,32
Mean,1.4500000476837158,1.0,32
Multi-Head Attention,1.4500000476837158,1.0,128
TopK,1.4500000476837158,1.0,128
Mean,1.4500000476837158,1.0,128
Baseline,1.5,0.9726999998092651,1
Multi-Head Attention,1.5,1.0,8
TopK,1.5,1.0,8
Mean,1.5,1.0,8
Multi-Head Attention,1.5,1.0,32
TopK,1.5,1.0,32
Mean,1.5,1.0,32
Multi-Head Attention,1.5,1.0,128
TopK,1.5,1.0,128
Mean,1.5,1.0,128
